INSERT INTO `spotify`.`usuaris` (`id_usuari`, `nom`, `password`, `e-mail`, `data_naixement`, `sexe`, `codi_postal`, `pais`) VALUES ('1', 'usuari1', '1234567', 'email@email.com', '2000-01-01', 'masculi', '09876', 'Venezuela');
INSERT INTO `spotify`.`usuaris` (`id_usuari`, `nom`, `password`, `e-mail`, `data_naixement`, `sexe`, `codi_postal`, `pais`) VALUES ('2', 'usuari2', '7654321', 'email@email.com', '1980-09-23', 'femeni', '00001', 'España');
INSERT INTO `spotify`.`usuaris` (`id_usuari`, `nom`, `password`, `e-mail`, `data_naixement`, `sexe`, `codi_postal`, `pais`) VALUES ('3', 'usuari3', '12345678', 'email@miemail2.com', '2010-01-20', 'masculi', '05050', 'Francia');
INSERT INTO `spotify`.`usuari_premium` (`id_premium`, `usuari_id`, `data_subsccripcio`, `data_renovacio`) VALUES ('1', '2', '2020-10-10', '2021-11-11');
INSERT INTO `spotify`.`usuari_premium` (`id_premium`, `usuari_id`, `data_subsccripcio`, `data_renovacio`) VALUES ('2', '3', '2021-12-12', '2022-01-12');
INSERT INTO `spotify`.`targeta` (`id_targeta`, `premium_id`, `mes_cad`, `any_cad`, `codi_seg`, `nombre`) VALUES ('1', '1', '12', '2023', '432', 'Joan');
INSERT INTO `spotify`.`targeta` (`id_targeta`, `premium_id`, `mes_cad`, `any_cad`, `codi_seg`, `nombre`) VALUES ('2', '2', '09', '2024', '234', 'Pere');
INSERT INTO `spotify`.`paypal` (`id_paypal`, `nom`, `premium_id`) VALUES ('1', 'Joan', '1');
INSERT INTO `spotify`.`paypal` (`id_paypal`, `nom`, `premium_id`) VALUES ('2', 'Pere', '2');
INSERT INTO `spotify`.`pagament` (`id_pagament`, `data_pagament`, `premium_id`, `ordre`, `total`) VALUES ('1', '2022-09-09', '1', '1', '100');
INSERT INTO `spotify`.`pagament` (`id_pagament`, `data_pagament`, `premium_id`, `ordre`, `total`) VALUES ('2', '2022-09-09', '2', '2', '100');
INSERT INTO `spotify`.`playlist` (`id_playlist`, `titol`, `nombre_cançons`, `data_creacio`, `usuari_id`) VALUES ('1', 'playlist1', '10', '2020-09-08', '1');
INSERT INTO `spotify`.`playlist` (`id_playlist`, `titol`, `nombre_cançons`, `data_creacio`, `usuari_id`) VALUES ('2', 'playlist2', '2', '2020-01-01', '2');
INSERT INTO `spotify`.`playlist` (`id_playlist`, `titol`, `nombre_cançons`, `data_creacio`, `usuari_id`) VALUES ('3', 'playlist3', '4', '2000-01-01', '3');
INSERT INTO `spotify`.`playlist_actives` (`id_actives`, `playlist_id`) VALUES ('1', '1');
INSERT INTO `spotify`.`playlist_actives` (`id_actives`, `playlist_id`) VALUES ('2', '3');
INSERT INTO `spotify`.`playlist_esborrades` (`id_esborrades`, `playlist_id`, `data`) VALUES ('1', '2', '2021-12-12');
INSERT INTO `spotify`.`cançons` (`id_canço`, `titol`, `durada`, `vegades_introduida`) VALUES ('1', 'l\'estaca', '00:02:22', '100');
INSERT INTO `spotify`.`cançons` (`id_canço`, `titol`, `durada`, `vegades_introduida`) VALUES ('2', 'soy minero', '00:04:17', '100');
INSERT INTO `spotify`.`cançons` (`id_canço`, `titol`, `durada`, `vegades_introduida`) VALUES ('3', 'El vestir d\'en Pasqual', '00:03:46', '100');
INSERT INTO `spotify`.`cançons` (`id_canço`, `titol`, `durada`, `vegades_introduida`) VALUES ('4', 'que tinguem sort', '00:03:55', '1000');
INSERT INTO `spotify`.`cançons_afegides` (`id_afegida`, `usuari_id`, `data_afegida`, `actives_id`, `canço_id`) VALUES ('1', '1', '2021_09-09', '1', '1');
INSERT INTO `spotify`.`cançons_afegides` (`id_afegida`, `usuari_id`, `data_afegida`, `actives_id`, `canço_id`) VALUES ('2', '2', '2022-08-09', '2', '2');
INSERT INTO `spotify`.`cançons_favorites` (`id_canço_favorita`, `canço_id`, `usuari_id`) VALUES ('1', '1', '1');
INSERT INTO `spotify`.`cançons_favorites` (`id_canço_favorita`, `canço_id`, `usuari_id`) VALUES ('2', '2', '2');
INSERT INTO `spotify`.`estils` (`id_estil`, `estil`) VALUES ('1', 'canço protesta');
INSERT INTO `spotify`.`estils` (`id_estil`, `estil`) VALUES ('2', 'flamenco');
INSERT INTO `spotify`.`estils` (`id_estil`, `estil`) VALUES ('3', 'boleros');
INSERT INTO `spotify`.`artistes` (`id_artista`, `nom`, `estil_id`) VALUES ('1', 'Llui Llach', '1');
INSERT INTO `spotify`.`artistes` (`id_artista`, `nom`, `estil_id`) VALUES ('2', 'Antonio Molina', '2');
INSERT INTO `spotify`.`artistes` (`id_artista`, `nom`, `estil_id`) VALUES ('3', 'Nuria Feliu', '3');
INSERT INTO `spotify`.`seguidors_artista` (`id_seguidors_artista`, `usuari_id`, `artista_id`) VALUES ('1', '1', '1');
INSERT INTO `spotify`.`seguidors_artista` (`id_seguidors_artista`, `usuari_id`, `artista_id`) VALUES ('2', '2', '2');
INSERT INTO `spotify`.`seguidors_artista` (`id_seguidors_artista`, `usuari_id`, `artista_id`) VALUES ('3', '3', '3');
INSERT INTO `spotify`.`album` (`id_album`, `canço_id`, `artista_id`, `titol`, `any_publicacio`) VALUES ('1', '1', '1', 'L\'estaca', '1974');
INSERT INTO `spotify`.`album` (`id_album`, `canço_id`, `artista_id`, `titol`, `any_publicacio`) VALUES ('2', '2', '2', 'Las canciones de Antonio Molina', '1951');
INSERT INTO `spotify`.`album` (`id_album`, `canço_id`, `artista_id`, `titol`, `any_publicacio`) VALUES ('3', '3', '3', 'Els nostres cuplets', '1995');
INSERT INTO `spotify`.`album` (`id_album`, `canço_id`, `artista_id`, `titol`, `any_publicacio`) VALUES ('4', '4', '1', 'I si canto trist', '1974');
INSERT INTO `spotify`.`albums_favorits` (`id_album_favorit`, `usuari_id`, `album_id`) VALUES ('1', '1', '1');
INSERT INTO `spotify`.`albums_favorits` (`id_album_favorit`, `usuari_id`, `album_id`) VALUES ('2', '1', '4');
INSERT INTO `spotify`.`albums_favorits` (`id_album_favorit`, `usuari_id`, `album_id`) VALUES ('3', '2', '2');
