INSERT INTO `youtube`.`usuari` (`id_usuari`, `nom`, `e-mail`, `password`, `data_naixement`, `sexe`, `pais`, `codi postal`) VALUES ('1', 'Anatole', 'email@email.com', '123456', '2000-12-12', 'a vegades', 'Congo', '90098');
INSERT INTO `youtube`.`usuari` (`id_usuari`, `nom`, `e-mail`, `password`, `data_naixement`, `sexe`, `pais`, `codi postal`) VALUES ('2', 'Jordi', 'email@email2.com', '1234567', '1999-01-01', 'masculi', 'el del costat', '08999');
INSERT INTO `youtube`.`usuari` (`id_usuari`, `nom`, `e-mail`, `password`, `data_naixement`, `sexe`, `pais`, `codi postal`) VALUES ('3', 'Manuel', 'miemail@email.com', '123456.', '1936-04-01', 'cuando quieras', 'ESPAÑA', '00000');
INSERT INTO `youtube`.`videos` (`id_videos`, `estat`, `titol`, `grandaria`, `nom_arxiu`, `durada`, `nombre_reproduccions`, `likes`, `dislikes`, `data_publicacio`, `usuari_id`) VALUES ('1', 'PUBLIC', 'kushika mama wa kizungu', '100', 'kushika.avi', '20', '1000000', '599999', '11111', '1960-07-05', '1');
INSERT INTO `youtube`.`videos` (`id_videos`, `estat`, `titol`, `grandaria`, `descripcio`, `nom_arxiu`, `durada`, `nombre_reproduccions`, `likes`, `dislikes`, `data_publicacio`, `usuari_id`) VALUES ('2', 'OCULT', 'Una grande', '200', 'Video de la epoca', 'mivideo1.wmv', '60', '10000', '10', '0', '1939-04-01', '3');
INSERT INTO `youtube`.`videos` (`id_videos`, `estat`, `titol`, `grandaria`, `descripcio`, `nom_arxiu`, `durada`, `nombre_reproduccions`, `likes`, `dislikes`, `data_publicacio`, `usuari_id`) VALUES ('3', 'PRIVAT', '1Octubre', '140', 'On son les urnes', 'urnes.mp4', '45', '2000000', '2000000', '40000000', '2017-10-02', '2');
INSERT INTO `youtube`.`videos` (`id_videos`, `estat`, `titol`, `grandaria`, `descripcio`, `nom_arxiu`, `durada`, `nombre_reproduccions`, `likes`, `dislikes`, `data_publicacio`, `usuari_id`) VALUES ('4', 'OCULT', 'Otra grande', '150', 'Otro video mio', 'mivideo2', '45', '1000000', '456765', '0', '1939-04-04', '3');
INSERT INTO `youtube`.`canal` (`id_canal`, `nom`, `descripcio`, `data_creacio`, `usuari_id`) VALUES ('1', 'miCanal', 'mis videos de historia', '2011-12-20', '3');
INSERT INTO `youtube`.`canal` (`id_canal`, `nom`, `descripcio`, `data_creacio`, `usuari_id`) VALUES ('2', 'historic', 'els vídeos de la repressió', '2017-10-28', '2');
INSERT INTO `youtube`.`canal` (`id_canal`, `nom`, `descripcio`, `data_creacio`, `usuari_id`) VALUES ('3', 'vita', 'video za ukandamizaji', '2018-08-09', '1');
INSERT INTO `youtube`.`comentaris` (`id_comentari`, `usuari_id`, `video_id`, `text`, `data_creacio`) VALUES ('1', '2', '1', 'Comenrtaris', '2018-12-10');
INSERT INTO `youtube`.`comentaris` (`id_comentari`, `usuari_id`, `video_id`, `text`, `data_creacio`) VALUES ('2', '1', '2', 'Comentaris', '2019-07-09');
INSERT INTO `youtube`.`comentaris` (`id_comentari`, `usuari_id`, `video_id`, `text`, `data_creacio`) VALUES ('3', '3', '2', 'Comentaris', '2017-10-10');
INSERT INTO `youtube`.`dislikes` (`id_dislikes`, `video_id`, `usuari_id`, `data`) VALUES ('1', '1', '2', '2020-02-03');
INSERT INTO `youtube`.`dislikes` (`id_dislikes`, `video_id`, `usuari_id`, `data`) VALUES ('2', '3', '1', '2020-03-09');
INSERT INTO `youtube`.`dislikes` (`id_dislikes`, `video_id`, `usuari_id`, `data`) VALUES ('3', '1', '3', '2020-03-09');
INSERT INTO `youtube`.`etiqueta` (`id_etiqueta`, `video_id`, `nom`) VALUES ('1', '1', 'etiqueta1');
INSERT INTO `youtube`.`etiqueta` (`id_etiqueta`, `video_id`, `nom`) VALUES ('2', '2', 'etiqueta2');
INSERT INTO `youtube`.`etiqueta` (`id_etiqueta`, `video_id`, `nom`) VALUES ('3', '3', 'etiqueta3');
INSERT INTO `youtube`.`likes` (`id_likes`, `usuari_id`, `video_id`, `data`) VALUES ('1', '1', '3', '2020-11-11');
INSERT INTO `youtube`.`likes` (`id_likes`, `usuari_id`, `video_id`, `data`) VALUES ('2', '3', '1', '2020-11-12');
INSERT INTO `youtube`.`likes` (`id_likes`, `usuari_id`, `video_id`, `data`) VALUES ('3', '2', '1', '2015-05-05');
INSERT INTO `youtube`.`opinions` (`id_opinio`, `usuari_id`, `comentari_id`, `opinio`, `data`) VALUES ('1', '2', '1', 'LIKE', '2021-01-01');
INSERT INTO `youtube`.`opinions` (`id_opinio`, `usuari_id`, `comentari_id`, `opinio`, `data`) VALUES ('2', '1', '2', 'DISLIKE', '2020-09-09');
INSERT INTO `youtube`.`playlist` (`id_playlist`, `usuari_id`, `video_id`, `data_creacio`, `estat`) VALUES ('1', '1', '1', '2009-09-09', 'PUBLIC');
INSERT INTO `youtube`.`playlist` (`id_playlist`, `usuari_id`, `video_id`, `data_creacio`, `estat`) VALUES ('2', '1', '2', '2008-08-08', 'PRIVAT');
INSERT INTO `youtube`.`playlist` (`id_playlist`, `usuari_id`, `video_id`, `data_creacio`, `estat`) VALUES ('3', '2', '2', '2008-09-09', 'PRIVAT');
INSERT INTO `youtube`.`subscripcions` (`id_subscripcio`, `canal_id`, `usuari_subs_id`) VALUES ('1', '1', '1');
INSERT INTO `youtube`.`subscripcions` (`id_subscripcio`, `canal_id`, `usuari_subs_id`) VALUES ('2', '2', '3');
